{"initial": {"pattern": [1, 4, 8, 9, 10, 12], "prob": [0.090909090909090912, 0.045454545454545456, 0.27272727272727271, 0.36363636363636365, 0.18181818181818182, 0.045454545454545456]}}