{"0": {"9": {"pattern": [5], "probs": [1.0]}}, "1": {"5": {"pattern": [2], "probs": [1.0]}}, "2": {"2": {"pattern": [10, 13, 0, 2, 5, 4, 9, 8], "probs": [0.17045454545454547, 0.0056818181818181828, 0.090909090909090925, 0.10227272727272728, 0.028409090909090912, 0.20454545454545456, 0.30681818181818188, 0.090909090909090925]}}, "3": {"0": {"pattern": [2], "probs": [1.0]}, "2": {"pattern": [2], "probs": [1.0]}, "4": {"pattern": [2], "probs": [1.0]}, "5": {"pattern": [2], "probs": [1.0]}, "8": {"pattern": [2], "probs": [1.0]}, "9": {"pattern": [2], "probs": [1.0]}, "10": {"pattern": [2], "probs": [1.0]}, "13": {"pattern": [2], "probs": [1.0]}}, "4": {"2": {"pattern": [10, 12, 14, 0, 2, 5, 4, 8], "probs": [0.23622047244094491, 0.039370078740157487, 0.0078740157480314977, 0.12598425196850396, 0.14173228346456693, 0.039370078740157487, 0.28346456692913385, 0.12598425196850396]}}, "5": {"0": {"pattern": [9], "probs": [1.0]}, "2": {"pattern": [9], "probs": [1.0]}, "4": {"pattern": [9], "probs": [1.0]}, "5": {"pattern": [9], "probs": [1.0]}, "8": {"pattern": [9], "probs": [1.0]}, "10": {"pattern": [9], "probs": [1.0]}, "12": {"pattern": [9], "probs": [1.0]}, "14": {"pattern": [9], "probs": [1.0]}}, "6": {"9": {"pattern": [2], "probs": [1.0]}}}