{"0": {"1": {"pattern": [2, 4, 6], "probs": [0.38461538461538464, 0.30769230769230771, 0.30769230769230771]}, "4": {"pattern": [10, 0, 2, 4, 9, 8], "probs": [0.075949367088607597, 0.025316455696202531, 0.075949367088607597, 0.088607594936708861, 0.32911392405063289, 0.4050632911392405]}, "8": {"pattern": [10, 12, 0, 2, 5, 4, 9, 8], "probs": [0.17543859649122806, 0.017543859649122806, 0.061403508771929821, 0.23684210526315788, 0.017543859649122806, 0.070175438596491224, 0.017543859649122806, 0.40350877192982454]}, "9": {"pattern": [10, 13, 1, 0, 2, 5, 4], "probs": [0.017857142857142856, 0.017857142857142856, 0.0089285714285714281, 0.071428571428571425, 0.7589285714285714, 0.089285714285714288, 0.035714285714285712]}, "10": {"pattern": [10, 13, 12, 1, 0, 2, 4, 6, 9, 8], "probs": [0.21348314606741572, 0.011235955056179775, 0.02247191011235955, 0.0449438202247191, 0.078651685393258425, 0.1348314606741573, 0.1348314606741573, 0.02247191011235955, 0.16853932584269662, 0.16853932584269662]}, "12": {"pattern": [9, 8], "probs": [0.77777777777777779, 0.22222222222222221]}}, "1": {"0": {"pattern": [10, 1, 0, 2, 4, 9, 8], "probs": [0.1276595744680851, 0.1702127659574468, 0.10638297872340426, 0.27659574468085107, 0.10638297872340426, 0.1702127659574468, 0.042553191489361701]}, "1": {"pattern": [2, 4, 6], "probs": [0.38461538461538464, 0.30769230769230771, 0.30769230769230771]}, "2": {"pattern": [10, 13, 12, 14, 0, 2, 5, 4, 6, 9, 8], "probs": [0.16129032258064518, 0.0053763440860215067, 0.026881720430107531, 0.0053763440860215067, 0.086021505376344107, 0.096774193548387108, 0.026881720430107531, 0.19354838709677422, 0.021505376344086027, 0.29032258064516137, 0.086021505376344107]}, "4": {"pattern": [10, 0, 2, 4, 9, 8], "probs": [0.075949367088607597, 0.025316455696202531, 0.075949367088607597, 0.088607594936708861, 0.32911392405063289, 0.4050632911392405]}, "5": {"pattern": [9, 8, 2, 4], "probs": [0.10526315789473684, 0.10526315789473684, 0.68421052631578949, 0.10526315789473684]}, "6": {"pattern": [8, 5, 10], "probs": [0.1111111111111111, 0.33333333333333331, 0.55555555555555558]}, "8": {"pattern": [10, 12, 0, 2, 5, 4, 9, 8], "probs": [0.17543859649122806, 0.017543859649122806, 0.061403508771929821, 0.23684210526315788, 0.017543859649122806, 0.070175438596491224, 0.017543859649122806, 0.40350877192982454]}, "9": {"pattern": [10, 13, 1, 0, 2, 5, 4], "probs": [0.017857142857142856, 0.017857142857142856, 0.0089285714285714281, 0.071428571428571425, 0.7589285714285714, 0.089285714285714288, 0.035714285714285712]}, "10": {"pattern": [10, 13, 12, 1, 0, 2, 4, 6, 9, 8], "probs": [0.21348314606741572, 0.011235955056179775, 0.02247191011235955, 0.0449438202247191, 0.078651685393258425, 0.1348314606741573, 0.1348314606741573, 0.02247191011235955, 0.16853932584269662, 0.16853932584269662]}, "12": {"pattern": [9, 8], "probs": [0.77777777777777779, 0.22222222222222221]}, "13": {"pattern": [2], "probs": [1.0]}, "14": {"pattern": [9], "probs": [1.0]}}, "2": {"0": {"pattern": [10, 1, 0, 2, 4, 9, 8], "probs": [0.1276595744680851, 0.1702127659574468, 0.10638297872340426, 0.27659574468085107, 0.10638297872340426, 0.1702127659574468, 0.042553191489361701]}, "1": {"pattern": [2, 4, 6], "probs": [0.38461538461538464, 0.30769230769230771, 0.30769230769230771]}, "2": {"pattern": [10, 13, 12, 14, 0, 2, 5, 4, 6, 9, 8], "probs": [0.16129032258064518, 0.0053763440860215067, 0.026881720430107531, 0.0053763440860215067, 0.086021505376344107, 0.096774193548387108, 0.026881720430107531, 0.19354838709677422, 0.021505376344086027, 0.29032258064516137, 0.086021505376344107]}, "4": {"pattern": [10, 0, 2, 4, 9, 8], "probs": [0.075949367088607597, 0.025316455696202531, 0.075949367088607597, 0.088607594936708861, 0.32911392405063289, 0.4050632911392405]}, "5": {"pattern": [9, 8, 2, 4], "probs": [0.10526315789473684, 0.10526315789473684, 0.68421052631578949, 0.10526315789473684]}, "6": {"pattern": [8, 5, 10], "probs": [0.1111111111111111, 0.33333333333333331, 0.55555555555555558]}, "8": {"pattern": [10, 12, 0, 2, 5, 4, 9, 8], "probs": [0.17543859649122806, 0.017543859649122806, 0.061403508771929821, 0.23684210526315788, 0.017543859649122806, 0.070175438596491224, 0.017543859649122806, 0.40350877192982454]}, "9": {"pattern": [10, 13, 1, 0, 2, 5, 4], "probs": [0.017857142857142856, 0.017857142857142856, 0.0089285714285714281, 0.071428571428571425, 0.7589285714285714, 0.089285714285714288, 0.035714285714285712]}, "10": {"pattern": [10, 13, 12, 1, 0, 2, 4, 6, 9, 8], "probs": [0.21348314606741572, 0.011235955056179775, 0.02247191011235955, 0.0449438202247191, 0.078651685393258425, 0.1348314606741573, 0.1348314606741573, 0.02247191011235955, 0.16853932584269662, 0.16853932584269662]}, "12": {"pattern": [9, 8], "probs": [0.77777777777777779, 0.22222222222222221]}, "13": {"pattern": [2], "probs": [1.0]}, "14": {"pattern": [9], "probs": [1.0]}}, "3": {"0": {"pattern": [10, 1, 0, 2, 4, 9, 8], "probs": [0.1276595744680851, 0.1702127659574468, 0.10638297872340426, 0.27659574468085107, 0.10638297872340426, 0.1702127659574468, 0.042553191489361701]}, "1": {"pattern": [2, 4, 6], "probs": [0.38461538461538464, 0.30769230769230771, 0.30769230769230771]}, "2": {"pattern": [10, 13, 12, 14, 0, 2, 5, 4, 6, 9, 8], "probs": [0.16129032258064518, 0.0053763440860215067, 0.026881720430107531, 0.0053763440860215067, 0.086021505376344107, 0.096774193548387108, 0.026881720430107531, 0.19354838709677422, 0.021505376344086027, 0.29032258064516137, 0.086021505376344107]}, "4": {"pattern": [10, 0, 2, 4, 9, 8], "probs": [0.075949367088607597, 0.025316455696202531, 0.075949367088607597, 0.088607594936708861, 0.32911392405063289, 0.4050632911392405]}, "5": {"pattern": [9, 8, 2, 4], "probs": [0.10526315789473684, 0.10526315789473684, 0.68421052631578949, 0.10526315789473684]}, "6": {"pattern": [8, 5, 10], "probs": [0.1111111111111111, 0.33333333333333331, 0.55555555555555558]}, "8": {"pattern": [10, 12, 0, 2, 5, 4, 9, 8], "probs": [0.17543859649122806, 0.017543859649122806, 0.061403508771929821, 0.23684210526315788, 0.017543859649122806, 0.070175438596491224, 0.017543859649122806, 0.40350877192982454]}, "9": {"pattern": [10, 13, 1, 0, 2, 5, 4], "probs": [0.017857142857142856, 0.017857142857142856, 0.0089285714285714281, 0.071428571428571425, 0.7589285714285714, 0.089285714285714288, 0.035714285714285712]}, "10": {"pattern": [10, 13, 12, 1, 0, 2, 4, 6, 9, 8], "probs": [0.21348314606741572, 0.011235955056179775, 0.02247191011235955, 0.0449438202247191, 0.078651685393258425, 0.1348314606741573, 0.1348314606741573, 0.02247191011235955, 0.16853932584269662, 0.16853932584269662]}, "12": {"pattern": [9, 8], "probs": [0.77777777777777779, 0.22222222222222221]}, "13": {"pattern": [2], "probs": [1.0]}, "14": {"pattern": [9], "probs": [1.0]}}, "4": {"0": {"pattern": [10, 1, 0, 2, 4, 9, 8], "probs": [0.1276595744680851, 0.1702127659574468, 0.10638297872340426, 0.27659574468085107, 0.10638297872340426, 0.1702127659574468, 0.042553191489361701]}, "1": {"pattern": [2, 4, 6], "probs": [0.38461538461538464, 0.30769230769230771, 0.30769230769230771]}, "2": {"pattern": [10, 13, 12, 14, 0, 2, 5, 4, 6, 9, 8], "probs": [0.16129032258064518, 0.0053763440860215067, 0.026881720430107531, 0.0053763440860215067, 0.086021505376344107, 0.096774193548387108, 0.026881720430107531, 0.19354838709677422, 0.021505376344086027, 0.29032258064516137, 0.086021505376344107]}, "4": {"pattern": [10, 0, 2, 4, 9, 8], "probs": [0.075949367088607597, 0.025316455696202531, 0.075949367088607597, 0.088607594936708861, 0.32911392405063289, 0.4050632911392405]}, "5": {"pattern": [9, 8, 2, 4], "probs": [0.10526315789473684, 0.10526315789473684, 0.68421052631578949, 0.10526315789473684]}, "6": {"pattern": [8, 5, 10], "probs": [0.1111111111111111, 0.33333333333333331, 0.55555555555555558]}, "8": {"pattern": [10, 12, 0, 2, 5, 4, 9, 8],