{"0": {"8": {"pattern": [0, 2, 4], "probs": [0.52000000000000002, 0.34000000000000002, 0.14000000000000001]}, "9": {"pattern": [0, 2, 4], "probs": [0.46052631578947373, 0.43421052631578949, 0.10526315789473684]}, "2": {"pattern": [0, 2, 4], "probs": [0.58536585365853655, 0.1951219512195122, 0.21951219512195119]}, "10": {"pattern": [0, 2], "probs": [0.5, 0.5]}, "5": {"pattern": [0], "probs": [1.0]}}, "1": {"0": {"pattern": [10, 1, 0, 2, 5, 4, 9, 8], "probs": [0.15168539325842695, 0.02247191011235955, 0.2808988764044944, 0.061797752808988762, 0.0056179775280898875, 0.016853932584269662, 0.2191011235955056, 0.24157303370786515]}, "2": {"pattern": [9, 0, 2, 4, 8], "probs": [0.4175824175824176, 0.26373626373626374, 0.087912087912087919, 0.098901098901098897, 0.13186813186813187]}, "4": {"pattern": [8, 2, 10], "probs": [0.25000000000000006, 0.28571428571428575, 0.46428571428571436]}, "14": {"pattern": [4], "probs": [1.0]}}, "2": {"0": {"pattern": [0, 2, 4], "probs": [0.78125, 0.171875, 0.046875]}, "1": {"pattern": [0, 2], "probs": [0.7857142857142857, 0.21428571428571425]}, "2": {"pattern": [0, 2, 4], "probs": [0.58536585365853655, 0.1951219512195122, 0.21951219512195119]}, "4": {"pattern": [2, 14], "probs": [0.5, 0.5]}, "5": {"pattern": [0], "probs": [1.0]}, "6": {"pattern": [0], "probs": [1.0]}, "7": {"pattern": [2], "probs": [1.0]}, "8": {"pattern": [0, 2, 4], "probs": [0.52000000000000002, 0.34000000000000002, 0.14000000000000001]}, "9": {"pattern": [0, 2, 4], "probs": [0.46052631578947373, 0.43421052631578949, 0.10526315789473684]}, "10": {"pattern": [0, 2], "probs": [0.5, 0.5]}}, "3": {"0": {"pattern": [10, 1, 0, 2, 5, 4, 9, 8], "probs": [0.15168539325842695, 0.02247191011235955, 0.2808988764044944, 0.061797752808988762, 0.0056179775280898875, 0.016853932584269662, 0.2191011235955056, 0.24157303370786515]}, "2": {"pattern": [9, 0, 2, 4, 8], "probs": [0.4175824175824176, 0.26373626373626374, 0.087912087912087919, 0.098901098901098897, 0.13186813186813187]}, "4": {"pattern": [8, 2, 10], "probs": [0.25000000000000006, 0.28571428571428575, 0.46428571428571436]}, "14": {"pattern": [4], "probs": [1.0]}}, "4": {"0": {"pattern": [0, 2, 4], "probs": [0.78125, 0.171875, 0.046875]}, "1": {"pattern": [0, 2], "probs": [0.7857142857142857, 0.21428571428571425]}, "2": {"pattern": [0, 2, 4], "probs": [0.58536585365853655, 0.1951219512195122, 0.21951219512195119]}, "4": {"pattern": [2, 14], "probs": [0.5, 0.5]}, "5": {"pattern": [0], "probs": [1.0]}, "6": {"pattern": [0], "probs": [1.0]}, "7": {"pattern": [2], "probs": [1.0]}, "8": {"pattern": [0, 2, 4], "probs": [0.52000000000000002, 0.34000000000000002, 0.14000000000000001]}, "9": {"pattern": [0, 2, 4], "probs": [0.46052631578947373, 0.43421052631578949, 0.10526315789473684]}, "10": {"pattern": [0, 2], "probs": [0.5, 0.5]}}, "5": {"0": {"pattern": [10, 1, 0, 2, 5, 4, 9, 8], "probs": [0.15168539325842695, 0.02247191011235955, 0.2808988764044944, 0.061797752808988762, 0.0056179775280898875, 0.016853932584269662, 0.2191011235955056, 0.24157303370786515]}, "2": {"pattern": [9, 0, 2, 4, 8], "probs": [0.4175824175824176, 0.26373626373626374, 0.087912087912087919, 0.098901098901098897, 0.13186813186813187]}, "4": {"pattern": [8, 2, 10], "probs": [0.25000000000000006, 0.28571428571428575, 0.46428571428571436]}, "14": {"pattern": [4], "probs": [1.0]}}, "6": {"0": {"pattern": [0, 2, 4], "probs": [0.78125, 0.171875, 0.046875]}, "1": {"pattern": [0, 2], "probs": [0.7857142857142857, 0.21428571428571425]}, "2": {"pattern": [0, 2, 4], "probs": [0.58536585365853655, 0.1951219512195122, 0.21951219512195119]}, "4": {"pattern": [2, 14], "probs": [0.5, 0.5]}, "5": {"pattern": [0], "probs": [1.0]}, "6": {"pattern": [0], "probs": [1.0]}, "7": {"pattern": [2], "probs": [1.0]}, "8": {"pattern": [0, 2, 4], "probs": [0.52000000000000002, 0.34000000000000002, 0.14000000000000001]}, "9": {"pattern": [0, 2, 4], "probs": [0.46052631578947373, 0.43421052631578949, 0.10526315789473684]}, "10": {"pattern": [0, 2], "probs": [0.5, 0.5]}}, "7": {"0": {"pattern": [10, 1, 0, 2, 5, 4, 9, 8], "probs": [0.15168539325842695, 0.02247191011235955, 0.2808988764044944, 0.061797752808988762, 0.0056179775280898875, 0.016853932584269662, 0.2191011235955056, 0.24157303370786515]}, "2": {"pattern": [9, 0, 2, 4, 8], "probs": [0.4175824175824176, 0.26373626373626374, 0.087912087912087919, 0.098901098901098897, 0.13186813186813187]}, "4": {"pattern": [8, 2, 10], "probs": [0.25000000000000006, 0.28571428571428575, 0.46428571428571436]}, "14": {"pattern": [4], "probs": [1.0]}}, "8": {"0": {"pattern": [0, 2, 4], "probs": [0.78125, 0.171875, 0.046875]}, "1": {"pattern": [0, 2], "probs": [0.7857142857142857, 0.21428571428571425]}, "2": {"pattern": [0, 2, 4], "probs": [0.58536585365853655, 0.1951219512195122, 0.21951219512195119]}, "4": {"pattern": [2, 14], "probs": [0.5, 0.5]}, "5": {"pattern": [0], "probs": [1.0]}, "6": {"pattern": [0], "probs": [1.0]}, "7": {"pattern": [2], "probs": [1.0]}, "8": {"pattern": [0, 2, 4], "probs": [0.52000000000000002, 0.34000000000000002, 0.14000000000000001]}, "9": {"pattern": [0, 2, 4], "probs": [0.46052631578947373, 0.43421052631578949, 0.10526315789473684]}, "10": {"pattern": [0, 2], "probs": [0.5, 0.5]}}, "9": {"0": {"pattern": [10, 1, 0, 2, 5, 4, 9, 8], "probs": [0.15168539325842695, 0.02247191011235955, 0.2808988764044944, 0.061797752808988762, 0.0056179775280898875, 0.016853932584269662, 0.2191011235955056, 0.24157303370786515]}, "2": {"pattern": [9, 0, 2, 4, 8], "probs": [0.4175824175824176, 0.26373626373626374, 0.087912087912087919, 0.098901098901098897, 0.13186813186813187]}, "4": {"pattern": [8, 2, 10], "probs": [0.25000000000000006, 0.28571428571428575, 0.46428571428571436]}, "14": {"pattern": [4], "probs": [1.0]}}, "10": {"0": {"pattern": [0, 2, 4], "probs": [0.78125, 0.171875, 0.046875]}, "1": {"pattern": [0, 2], "probs": [0.7857142857142857, 0.21428571428571425]}, "2": {"pattern": [0, 2, 4], "probs": [0.58536585365853655, 0.1951219512195122, 0.21951219512195119]}, "4": {"pattern": [2, 14], "probs": [0.5, 0.5]}, "5": {"pattern": [0], "probs": [1.0]}, "6": {"pattern": [0], "probs": [1.0]}, "7": {"pattern": [2], "probs": [1.0]}, "8": {"pattern": [0, 2, 4], "probs": [0.52000000000000002, 0.34000000000000002, 0.14000000000000001]}, "9": {"pattern": [0, 2, 4], "probs": [0.46052631578947373, 0.43421052631578949, 0.10526315789473684]}, "10": {"pattern": [0, 2], "probs": [0.5, 0.5]}}, "11": {"0": {"pattern": [10, 1, 0, 2, 5, 4, 9, 8], "probs": [0.15168539325842695, 0.02247191011235955, 0.2808988764044944, 0.061797752808988762, 0.0056179775280898875, 0.016853932584269662, 0.2191011235955056, 0.24157303370786515]}, "2": {"pattern": [9, 0, 2, 4, 8], "probs": [0.4175824175824176, 0.26373626373626374, 0.087912087912087919, 0.098901098901098897, 0.13186813186813187]}, "4": {"pattern": [8, 2, 10], "probs": [0.25000000000000006, 0.28571428571428575, 0.46428571428571436]}, "14": {"pattern": [4], "probs": [1.0]}}, "12": {"0": {"pattern": [0, 2, 4], "probs": [0.78125, 0.171875, 0.046875]}, "1": {"pattern": [0, 2], "probs": [0.7857142857142857, 0.21428571428571425]}, "2": {"pattern": [0, 2, 4], "probs": [0.58536585365853655, 0.1951219512195122, 0.21951219512195119]}, "4": {"pattern": [2, 14], "probs": [0.5, 0.5]}, "5": {"pattern": [0], "probs": [1.0]}, "6": {"pattern": [0], "probs": [1.0]}, "7": {"pattern": [2], "probs": [1.0]}, "8": {"pattern": [0, 2, 4], "probs": [0.52000000000000002, 0.34000000000000002, 0.14000000000000001]}, "9": {"pattern": [0, 2, 4], "probs": [0.46052631578947373, 0.43421052631578949, 0.10526315789473684]}, "10": {"pattern": [0, 2], "probs": [0.5, 0.5]}}, "13": {"0": {"pattern": [10, 1, 0, 2, 5, 4, 9, 8], "probs": [0.15168539325842695, 0.02247191011235955, 0.2808988764044944, 0.061797752808988762, 0.0056179775280898875, 0.016853932584269662, 0.2191011235955056, 0.24157303370786515]}, "2": {"pattern": [9, 0, 2, 4, 8],