{"0": {"interval": [12, 1, 0, 8, 4, -10, 3], "probs": [0.10000000000000001, 0.34999999999999998, 0.25, 0.050000000000000003, 0.050000000000000003, 0.14999999999999999, 0.050000000000000003]}, "1": {"interval": [-1, 1, 0, 3, 2, 5, 4, 7, 6, -12, -10, -7, -4], "probs": [0.071065989847715727, 0.73350253807106591, 0.022842639593908625, 0.05076142131979694, 0.02538071065989847, 0.0025380710659898471, 0.040609137055837553, 0.010152284263959388, 0.010152284263959388, 0.015228426395939083, 0.0050761421319796942, 0.0050761421319796942, 0.0076142131979695417]}, "2": {"interval": [-1, 1, 2, 5, 4, 6], "probs": [0.10714285714285715, 0.2142857142857143, 0.3928571428571429, 0.035714285714285719, 0.035714285714285719, 0.2142857142857143]}, "3": {"interval": [1, 0, 3, 2, 5, 4, -5], "probs": [0.22500000000000001, 0.125, 0.375, 0.025000000000000001, 0.025000000000000001, 0.20000000000000001, 0.025000000000000001]}, "4": {"interval": [1, 0, 8, 2, 4, 6], "probs": [0.55000000000000004, 0.050000000000000003, 0.10000000000000001, 0.050000000000000003, 0.125, 0.125]}, "5": {"interval": [-2, 5, 6], "probs": [0.20000000000000004, 0.70000000000000007, 0.10000000000000002]}, "6": {"interval": [1, 9, 4, 6, -7, -6], "probs": [0.53333333333333344, 0.13333333333333336, 0.03333333333333334, 0.13333333333333336, 0.13333333333333336, 0.03333333333333334]}, "7": {"interval": [-4, 0, 3], "probs": [0.20000000000000001, 0.40000000000000002, 0.40000000000000002]}, "8": {"interval": [-1, 8, 9, -5], "probs": [0.27272727272727271, 0.18181818181818182, 0.36363636363636365, 0.18181818181818182]}, "9": {"interval": [6, 1, 9, 4], "probs": [0.26666666666666666, 0.066666666666666666, 0.26666666666666666, 0.40000000000000002]}, "11": {"interval": [1], "probs": [1.0]}, "12": {"interval": [12, 0], "probs": [0.33333333333333331, 0.66666666666666663]}, "-2": {"interval": [-4, 11, 0, -2], "probs": [0.15384615384615385, 0.038461538461538464, 0.038461538461538464, 0.76923076923076927]}, "-12": {"interval": [6, 1, 9, -5], "probs": [0.22222222222222224, 0.11111111111111112, 0.44444444444444448, 0.22222222222222224]}, "-11": {"interval": [-11, -9, -7], "probs": [0.33333333333333331, 0.33333333333333331, 0.33333333333333331]}, "-10": {"interval": [1, 0], "probs": [0.2857142857142857, 0.7142857142857143]}, "-9": {"interval": [-11, 3], "probs": [0.66666666666666663, 0.33333333333333331]}, "-7": {"interval": [1, 8, 6, -7, -5, -4], "probs": [0.10714285714285714, 0.071428571428571425, 0.035714285714285712, 0.5357142857142857, 0.10714285714285714, 0.14285714285714285]}, "-6": {"interval": [-1, 6, -6], "probs": [0.16666666666666666, 0.16666666666666666, 0.66666666666666663]}, "-5": {"interval": [-2, 7, -12, -7, -5, -4], "probs": [0.083333333333333329, 0.083333333333333329, 0.16666666666666666, 0.083333333333333329, 0.33333333333333331, 0.25]}, "-4": {"interval": [-1, -2, 1, 8, -11, -9, -7, -4], "probs": [0.022727272727272728, 0.090909090909090912, 0.13636363636363635, 0.045454545454545456, 0.045454545454545456, 0.022727272727272728, 0.090909090909090912, 0.54545454545454541]}, "-1": {"interval": [-1, 1, 0, 2, -6, -4], "probs": [0.70000000000000007, 0.20000000000000004, 0.0076923076923076936, 0.046153846153846163, 0.0076923076923076936, 0.038461538461538471]}}