{"0": {"interval": [-1, -4, 1], "probs": [0.14285714285714288, 0.57142857142857151, 0.28571428571428575]}, "1": {"interval": [-1, -2, 1, 3, 9, 4, 7, 11, 8, -11, -12, -5, 12, -3, -4], "probs": [0.069620253164556958, 0.012658227848101266, 0.43354430379746833, 0.079113924050632917, 0.025316455696202531, 0.050632911392405063, 0.012658227848101266, 0.025316455696202531, 0.16455696202531644, 0.012658227848101266, 0.050632911392405063, 0.0063291139240506328, 0.018987341772151899, 0.012658227848101266, 0.025316455696202531]}, "2": {"interval": [-1, -2, 1, 9], "probs": [0.21052631578947367, 0.26315789473684209, 0.10526315789473684, 0.42105263157894735]}, "3": {"interval": [-1, -2, 1, 3, 2, 5, 4, 6, 8, -4], "probs": [0.20000000000000001, 0.040000000000000001, 0.20000000000000001, 0.040000000000000001, 0.02, 0.16, 0.14000000000000001, 0.040000000000000001, 0.080000000000000002, 0.080000000000000002]}, "4": {"interval": [-2, 1, 3, 4, 6, -3, -4], "probs": [0.020618556701030931, 0.41237113402061859, 0.072164948453608255, 0.32989690721649489, 0.082474226804123724, 0.041237113402061862, 0.041237113402061862]}, "5": {"interval": [7, 3, 5], "probs": [0.33333333333333331, 0.33333333333333331, 0.33333333333333331]}, "6": {"interval": [-1, -2, 1, 0, 8, 7, 6], "probs": [0.15384615384615385, 0.05128205128205128, 0.15384615384615385, 0.05128205128205128, 0.17948717948717949, 0.10256410256410256, 0.30769230769230771]}, "7": {"interval": [1, 3, 9, 7, 6, -5, 8], "probs": [0.13636363636363635, 0.045454545454545456, 0.13636363636363635, 0.22727272727272727, 0.18181818181818182, 0.13636363636363635, 0.13636363636363635]}, "8": {"interval": [-1, 1, 8, 4, 6, -12], "probs": [0.10909090909090909, 0.31818181818181818, 0.072727272727272724, 0.2818181818181818, 0.072727272727272724, 0.14545454545454545]}, "-1": {"interval": [-1, 1, 0, 8, 2, 11, 6, -5, -3, -4], "probs": [0.34951456310679618, 0.21359223300970878, 0.029126213592233018, 0.038834951456310683, 0.048543689320388363, 0.038834951456310683, 0.038834951456310683, 0.077669902912621366, 0.038834951456310683, 0.12621359223300974]}, "10": {"interval": [1, 9, 10], "probs": [0.25, 0.1875, 0.5625]}, "11": {"interval": [8, 10, 11], "probs": [0.5, 0.25, 0.25]}, "12": {"interval": [-12], "probs": [1.0]}, "-12": {"interval": [1, 8, 2], "probs": [0.3783783783783784, 0.40540540540540543, 0.21621621621621623]}, "-11": {"interval": [-11, -4, 1], "probs": [0.25, 0.25, 0.5]}, "9": {"interval": [-11, 7, 8, 10], "probs": [0.33333333333333331, 0.14285714285714285, 0.38095238095238093, 0.14285714285714285]}, "-6": {"interval": [-1, 1, 0, -6], "probs": [0.076923076923076927, 0.46153846153846156, 0.076923076923076927, 0.38461538461538464]}, "-5": {"interval": [7, 1, -6], "probs": [0.23076923076923078, 0.076923076923076927, 0.69230769230769229]}, "-4": {"interval": [-1, -2, 1, 0, 3, 4, -6, -3, -4], "probs": [0.10294117647058823, 0.044117647058823532, 0.26470588235294118, 0.029411764705882353, 0.10294117647058823, 0.029411764705882353, 0.029411764705882353, 0.029411764705882353, 0.36764705882352944]}, "-3": {"interval": [-3, -4, 4, -1, -6], "probs": [0.51851851851851849, 0.14814814814814814, 0.14814814814814814, 0.07407407407407407, 0.1111111111111111]}, "-2": {"interval": [-2, 1, 3, 2, 4, 6, -4], "probs": [0.10000000000000001, 0.050000000000000003, 0.20000000000000001, 0.20000000000000001, 0.20000000000000001, 0.10000000000000001, 0.14999999999999999]}}