{"0": {"pattern": [10, 13, 1, 0, 2, 5, 4, 9, 8], "probs": [0.14835164835164835, 0.02197802197802198, 0.02197802197802198, 0.27472527472527475, 0.06043956043956044, 0.0054945054945054949, 0.016483516483516484, 0.21428571428571427, 0.23626373626373626]}, "1": {"pattern": [0, 2, 10], "probs": [0.55000000000000004, 0.14999999999999999, 0.29999999999999999]}, "2": {"pattern": [9, 0, 2, 4, 8], "probs": [0.4175824175824176, 0.26373626373626374, 0.087912087912087919, 0.098901098901098897, 0.13186813186813187]}, "4": {"pattern": [8, 2, 14, 10], "probs": [0.19444444444444445, 0.22222222222222221, 0.22222222222222221, 0.3611111111111111]}, "5": {"pattern": [9, 0, 5, 10], "probs": [0.29629629629629628, 0.14814814814814814, 0.40740740740740738, 0.14814814814814814]}, "6": {"pattern": [0, 10], "probs": [0.46666666666666667, 0.53333333333333333]}, "7": {"pattern": [1, 2, 5, 6], "probs": [0.20000000000000001, 0.050000000000000003, 0.34999999999999998, 0.40000000000000002]}, "8": {"pattern": [10, 1, 0, 2, 5, 4, 7, 9, 8], "probs": [0.1103448275862069, 0.07586206896551724, 0.1793103448275862, 0.11724137931034483, 0.013793103448275862, 0.048275862068965517, 0.0068965517241379309, 0.11724137931034483, 0.33103448275862069]}, "9": {"pattern": [11, 13, 15, 0, 2, 5, 4, 7, 6, 9], "probs": [0.05128205128205128, 0.05128205128205128, 0.01282051282051282, 0.22435897435897437, 0.21153846153846154, 0.02564102564102564, 0.05128205128205128, 0.070512820512820512, 0.05128205128205128, 0.25]}, "10": {"pattern": [11, 10, 15, 1, 0, 2, 7, 9, 8], "probs": [0.021505376344086023, 0.086021505376344093, 0.043010752688172046, 0.021505376344086023, 0.10752688172043011, 0.10752688172043011, 0.086021505376344093, 0.17204301075268819, 0.35483870967741937]}, "11": {"pattern": [0, 10], "probs": [0.80000000000000004, 0.20000000000000001]}, "13": {"pattern": [0, 10], "probs": [0.29999999999999999, 0.69999999999999996]}, "14": {"pattern": [4], "probs": [1.0]}, "15": {"pattern": [0, 5, 10], "probs": [0.16666666666666666, 0.33333333333333331, 0.5]}}