{"initial": {"pattern": [9, 8, 2, 5, 10], "prob": [0.38461538461538464, 0.30769230769230771, 0.038461538461538464, 0.038461538461538464, 0.23076923076923078]}}