{"initial": {"pattern": [8, 9, 2, 10, 5], "prob": [0.30769230769230776, 0.38461538461538469, 0.038461538461538471, 0.23076923076923081, 0.038461538461538471]}}