{"initial": {"pattern": [9, 2], "prob": [0.90909090909090906, 0.090909090909090898]}}