{"0": {"9": {"pattern": [0], "probs": [1.0]}}, "1": {"0": {"pattern": [2], "probs": [1.0]}}, "2": {"2": {"pattern": [9, 0, 2, 8], "probs": [0.46341463414634149, 0.29268292682926828, 0.097560975609756101, 0.14634146341463414]}}, "3": {"0": {"pattern": [9], "probs": [1.0]}, "9": {"pattern": [9], "probs": [1.0]}, "2": {"pattern": [9], "probs": [1.0]}, "8": {"pattern": [9], "probs": [1.0]}}, "4": {"9": {"pattern": [9], "probs": [1.0]}}, "5": {"9": {"pattern": [11, 13, 15, 0, 2, 5, 4, 7, 6, 9], "probs": [0.05128205128205128, 0.05128205128205128, 0.01282051282051282, 0.22435897435897437, 0.21153846153846154, 0.02564102564102564, 0.05128205128205128, 0.070512820512820512, 0.05128205128205128, 0.25]}}}