{"0": {"5": {"pattern": [5], "probs": [1.0]}}, "1": {"5": {"pattern": [9, 0, 5], "probs": [0.34782608695652173, 0.17391304347826086, 0.47826086956521735]}}, "2": {"0": {"pattern": [5], "probs": [1.0]}, "9": {"pattern": [5], "probs": [1.0]}, "5": {"pattern": [5], "probs": [1.0]}}, "3": {"5": {"pattern": [5], "probs": [1.0]}}, "4": {"5": {"pattern": [9, 0, 5], "probs": [0.34782608695652173, 0.17391304347826086, 0.47826086956521735]}}, "5": {"0": {"pattern": [5], "probs": [1.0]}, "9": {"pattern": [5], "probs": [1.0]}, "5": {"pattern": [5], "probs": [1.0]}}, "6": {"5": {"pattern": [5], "probs": [1.0]}}}