{"0": {"9": {"pattern": [0], "probs": [1.0]}}, "1": {"0": {"pattern": [0], "probs": [1.0]}}, "2": {"0": {"pattern": [10, 0, 2, 5, 9, 8], "probs": [0.15789473684210525, 0.29239766081871349, 0.064327485380116955, 0.0058479532163742695, 0.22807017543859648, 0.25146198830409355]}}, "3": {"0": {"pattern": [9], "probs": [1.0]}, "2": {"pattern": [9], "probs": [1.0]}, "5": {"pattern": [9], "probs": [1.0]}, "8": {"pattern": [9], "probs": [1.0]}, "9": {"pattern": [9], "probs": [1.0]}, "10": {"pattern": [9], "probs": [1.0]}}, "4": {"9": {"pattern": [9], "probs": [1.0]}}, "5": {"9": {"pattern": [0], "probs": [1.0]}}}